{"cameraMode":{"drawMode":0,"name":"Shaded","section":"Shading Mode"},"sceneLighting":true,"audioPlay":false,"sceneViewState":{"showFog":true,"showMaterialUpdate":false,"showSkybox":true,"showFlares":true,"showImageEffects":true,"showParticleSystems":true},"in2DMode":false,"pivot":{"x":-1.4289252758026124,"y":17.96160125732422,"z":-6.979360103607178},"rotation":{"x":0.19378343224525453,"y":-0.2508249580860138,"z":0.05127277597784996,"w":0.9471005797386169},"size":49.53467559814453,"orthographic":false}